,image_name,max_laplacian,mean_laplacian,cpbd,motion
0,open_closed_eyes.jpg,1498,723,557,106
1,La-Movida.jpg,741,351,564,80
2,friends.jpg,502,202,384,12
3,image.jpg,719,308,452,42
4,multiple.jpg,663,356,324,13
5,restaurant.jpg,3612,2199,693,466
6,ec_1194-jpg-300x250.jpg,3041,1091,390,111
7,Sharpen-Master.jpg,3450,1125,606,40
8,images (1).jpeg,1523,542,444,0
9,focal.jpeg,1409,429,250,0
10,front_face (1).jpg,4698,2298,612,163
11,1366_2000.jpg,1235,544,645,75
12,blurry2.jpg,806,278,544,60
